panel_id,facade,level_index,bay_index,kind,component_kind,opening_ref,host_ref,full_height,u_min_cm,u_max_cm,v_min_cm,v_max_cm,width_cm,height_cm,centre_x_cm,centre_y_cm,centre_z_cm,u_axis_min,u_axis_max,v_axis_min,v_axis_max,run_angle_deg
PNL-001,F-S,0,0,blank,opaque_panel,,,false,0.0,135.0,0.0,90.0,135.0,90.0,67.5,0.0,45.0,AX-001,AX-002,AX-014,AX-015,0.0
PNL-002,F-S,0,0,spandrel,opaque_panel,,,false,135.0,315.0,0.0,90.0,180.0,90.0,225.0,0.0,45.0,AX-002,AX-003,AX-014,AX-015,0.0
PNL-003,F-S,0,0,blank,opaque_panel,,,false,315.0,450.0,0.0,90.0,135.0,90.0,382.5,0.0,45.0,AX-003,AX-004,AX-014,AX-015,0.0
PNL-004,F-S,0,0,blank,opaque_panel,,,false,0.0,135.0,90.0,270.0,135.0,180.0,67.5,0.0,180.0,AX-001,AX-002,AX-015,AX-016,0.0
PNL-005,F-S,0,0,punched_window,glazed_panel,OP-G-01,,false,135.0,315.0,90.0,270.0,180.0,180.0,225.0,0.0,180.0,AX-002,AX-003,AX-015,AX-016,0.0
PNL-006,F-S,0,0,blank,opaque_panel,,,false,315.0,450.0,90.0,270.0,135.0,180.0,382.5,0.0,180.0,AX-003,AX-004,AX-015,AX-016,0.0
PNL-007,F-S,0,0,blank,opaque_panel,,,false,0.0,135.0,270.0,420.0,135.0,150.0,67.5,0.0,345.0,AX-001,AX-002,AX-016,AX-017,0.0
PNL-008,F-S,0,0,blank,opaque_panel,,,false,135.0,315.0,270.0,420.0,180.0,150.0,225.0,0.0,345.0,AX-002,AX-003,AX-016,AX-017,0.0
PNL-009,F-S,0,0,blank,opaque_panel,,,false,315.0,450.0,270.0,420.0,135.0,150.0,382.5,0.0,345.0,AX-003,AX-004,AX-016,AX-017,0.0
PNL-010,F-S,0,1,blank,opaque_panel,,,false,450.0,575.0,0.0,260.0,125.0,260.0,512.5,0.0,130.0,AX-004,AX-005,AX-018,AX-019,0.0
PNL-011,F-S,0,1,punched_window,entrance_door,OP-G-02,,false,575.0,775.0,0.0,260.0,200.0,260.0,675.0,0.0,130.0,AX-005,AX-006,AX-018,AX-019,0.0
PNL-012,F-S,0,1,blank,opaque_panel,,,false,775.0,900.0,0.0,260.0,125.0,260.0,837.5,0.0,130.0,AX-006,AX-007,AX-018,AX-019,0.0
PNL-013,F-S,0,1,blank,opaque_panel,,,false,450.0,575.0,260.0,420.0,125.0,160.0,512.5,0.0,340.0,AX-004,AX-005,AX-019,AX-020,0.0
PNL-014,F-S,0,1,blank,opaque_panel,,,false,575.0,775.0,260.0,420.0,200.0,160.0,675.0,0.0,340.0,AX-005,AX-006,AX-019,AX-020,0.0
PNL-015,F-S,0,1,blank,opaque_panel,,,false,775.0,900.0,260.0,420.0,125.0,160.0,837.5,0.0,340.0,AX-006,AX-007,AX-019,AX-020,0.0
PNL-016,F-S,0,2,blank,opaque_panel,,,false,900.0,1035.0,0.0,90.0,135.0,90.0,967.5,0.0,45.0,AX-007,AX-008,AX-021,AX-022,0.0
PNL-017,F-S,0,2,spandrel,opaque_panel,,,false,1035.0,1215.0,0.0,90.0,180.0,90.0,1125.0,0.0,45.0,AX-008,AX-009,AX-021,AX-022,0.0
PNL-018,F-S,0,2,blank,opaque_panel,,,false,1215.0,1350.0,0.0,90.0,135.0,90.0,1282.5,0.0,45.0,AX-009,AX-010,AX-021,AX-022,0.0
PNL-019,F-S,0,2,blank,opaque_panel,,,false,900.0,1035.0,90.0,270.0,135.0,180.0,967.5,0.0,180.0,AX-007,AX-008,AX-022,AX-023,0.0
PNL-020,F-S,0,2,punched_window,glazed_panel,OP-G-03,,false,1035.0,1215.0,90.0,270.0,180.0,180.0,1125.0,0.0,180.0,AX-008,AX-009,AX-022,AX-023,0.0
PNL-021,F-S,0,2,blank,opaque_panel,,,false,1215.0,1350.0,90.0,270.0,135.0,180.0,1282.5,0.0,180.0,AX-009,AX-010,AX-022,AX-023,0.0
PNL-022,F-S,0,2,blank,opaque_panel,,,false,900.0,1035.0,270.0,420.0,135.0,150.0,967.5,0.0,345.0,AX-007,AX-008,AX-023,AX-024,0.0
PNL-023,F-S,0,2,blank,opaque_panel,,,false,1035.0,1215.0,270.0,420.0,180.0,150.0,1125.0,0.0,345.0,AX-008,AX-009,AX-023,AX-024,0.0
PNL-024,F-S,0,2,blank,opaque_panel,,,false,1215.0,1350.0,270.0,420.0,135.0,150.0,1282.5,0.0,345.0,AX-009,AX-010,AX-023,AX-024,0.0
PNL-025,F-S,0,3,mullion,frame_member,,,true,1350.0,1365.0,0.0,420.0,15.0,420.0,1357.5,0.0,210.0,AX-010,AX-011,AX-025,AX-027,0.0
PNL-026,F-S,0,3,vision,glazed_panel,OP-G-04,,false,1365.0,1785.0,0.0,400.0,420.0,400.0,1575.0,0.0,200.0,AX-011,AX-012,AX-025,AX-026,0.0
PNL-027,F-S,0,3,mullion,frame_member,,,true,1785.0,1800.0,0.0,420.0,15.0,420.0,1792.5,0.0,210.0,AX-012,AX-013,AX-025,AX-027,0.0
PNL-028,F-S,0,3,transom,frame_member,,,false,1365.0,1785.0,400.0,420.0,420.0,20.0,1575.0,0.0,410.0,AX-011,AX-012,AX-026,AX-027,0.0
PNL-029,F-S,1,0,blank,opaque_panel,,,false,0.0,135.0,0.0,90.0,135.0,90.0,67.5,0.0,465.0,AX-028,AX-029,AX-041,AX-042,0.0
PNL-030,F-S,1,0,spandrel,opaque_panel,,,false,135.0,315.0,0.0,90.0,180.0,90.0,225.0,0.0,465.0,AX-029,AX-030,AX-041,AX-042,0.0
PNL-031,F-S,1,0,blank,opaque_panel,,,false,315.0,450.0,0.0,90.0,135.0,90.0,382.5,0.0,465.0,AX-030,AX-031,AX-041,AX-042,0.0
PNL-032,F-S,1,0,blank,opaque_panel,,,false,0.0,135.0,90.0,270.0,135.0,180.0,67.5,0.0,600.0,AX-028,AX-029,AX-042,AX-043,0.0
PNL-033,F-S,1,0,punched_window,glazed_panel,OP-1-01,,false,135.0,315.0,90.0,270.0,180.0,180.0,225.0,0.0,600.0,AX-029,AX-030,AX-042,AX-043,0.0
PNL-034,F-S,1,0,blank,opaque_panel,,,false,315.0,450.0,90.0,270.0,135.0,180.0,382.5,0.0,600.0,AX-030,AX-031,AX-042,AX-043,0.0
PNL-035,F-S,1,0,blank,opaque_panel,,,false,0.0,135.0,270.0,400.0,135.0,130.0,67.5,0.0,755.0,AX-028,AX-029,AX-043,AX-044,0.0
PNL-036,F-S,1,0,blank,opaque_panel,,,false,135.0,315.0,270.0,400.0,180.0,130.0,225.0,0.0,755.0,AX-029,AX-030,AX-043,AX-044,0.0
PNL-037,F-S,1,0,blank,opaque_panel,,,false,315.0,450.0,270.0,400.0,135.0,130.0,382.5,0.0,755.0,AX-030,AX-031,AX-043,AX-044,0.0
PNL-038,F-S,1,1,blank,opaque_panel,,,false,450.0,585.0,0.0,90.0,135.0,90.0,517.5,0.0,465.0,AX-031,AX-032,AX-045,AX-046,0.0
PNL-039,F-S,1,1,spandrel,opaque_panel,,,false,585.0,765.0,0.0,90.0,180.0,90.0,675.0,0.0,465.0,AX-032,AX-033,AX-045,AX-046,0.0
PNL-040,F-S,1,1,blank,opaque_panel,,,false,765.0,900.0,0.0,90.0,135.0,90.0,832.5,0.0,465.0,AX-033,AX-034,AX-045,AX-046,0.0
PNL-041,F-S,1,1,blank,opaque_panel,,,false,450.0,585.0,90.0,270.0,135.0,180.0,517.5,0.0,600.0,AX-031,AX-032,AX-046,AX-047,0.0
PNL-042,F-S,1,1,punched_window,glazed_panel,OP-1-02,,false,585.0,765.0,90.0,270.0,180.0,180.0,675.0,0.0,600.0,AX-032,AX-033,AX-046,AX-047,0.0
PNL-043,F-S,1,1,blank,opaque_panel,,,false,765.0,900.0,90.0,270.0,135.0,180.0,832.5,0.0,600.0,AX-033,AX-034,AX-046,AX-047,0.0
PNL-044,F-S,1,1,blank,opaque_panel,,,false,450.0,585.0,270.0,400.0,135.0,130.0,517.5,0.0,755.0,AX-031,AX-032,AX-047,AX-048,0.0
PNL-045,F-S,1,1,blank,opaque_panel,,,false,585.0,765.0,270.0,400.0,180.0,130.0,675.0,0.0,755.0,AX-032,AX-033,AX-047,AX-048,0.0
PNL-046,F-S,1,1,blank,opaque_panel,,,false,765.0,900.0,270.0,400.0,135.0,130.0,832.5,0.0,755.0,AX-033,AX-034,AX-047,AX-048,0.0
PNL-047,F-S,1,2,blank,opaque_panel,,,false,900.0,1035.0,0.0,90.0,135.0,90.0,967.5,0.0,465.0,AX-034,AX-035,AX-049,AX-050,0.0
PNL-048,F-S,1,2,spandrel,opaque_panel,,,false,1035.0,1215.0,0.0,90.0,180.0,90.0,1125.0,0.0,465.0,AX-035,AX-036,AX-049,AX-050,0.0
PNL-049,F-S,1,2,blank,opaque_panel,,,false,1215.0,1350.0,0.0,90.0,135.0,90.0,1282.5,0.0,465.0,AX-036,AX-037,AX-049,AX-050,0.0
PNL-050,F-S,1,2,blank,opaque_panel,,,false,900.0,1035.0,90.0,270.0,135.0,180.0,967.5,0.0,600.0,AX-034,AX-035,AX-050,AX-051,0.0
PNL-051,F-S,1,2,punched_window,glazed_panel,OP-1-03,,false,1035.0,1215.0,90.0,270.0,180.0,180.0,1125.0,0.0,600.0,AX-035,AX-036,AX-050,AX-051,0.0
PNL-052,F-S,1,2,blank,opaque_panel,,,false,1215.0,1350.0,90.0,270.0,135.0,180.0,1282.5,0.0,600.0,AX-036,AX-037,AX-050,AX-051,0.0
PNL-053,F-S,1,2,blank,opaque_panel,,,false,900.0,1035.0,270.0,400.0,135.0,130.0,967.5,0.0,755.0,AX-034,AX-035,AX-051,AX-052,0.0
PNL-054,F-S,1,2,blank,opaque_panel,,,false,1035.0,1215.0,270.0,400.0,180.0,130.0,1125.0,0.0,755.0,AX-035,AX-036,AX-051,AX-052,0.0
PNL-055,F-S,1,2,blank,opaque_panel,,,false,1215.0,1350.0,270.0,400.0,135.0,130.0,1282.5,0.0,755.0,AX-036,AX-037,AX-051,AX-052,0.0
PNL-056,F-S,1,3,mullion,frame_member,,,true,1350.0,1365.0,0.0,400.0,15.0,400.0,1357.5,0.0,620.0,AX-037,AX-038,AX-053,AX-055,0.0
PNL-057,F-S,1,3,vision,glazed_panel,OP-1-04,,false,1365.0,1785.0,0.0,340.0,420.0,340.0,1575.0,0.0,590.0,AX-038,AX-039,AX-053,AX-054,0.0
PNL-058,F-S,1,3,mullion,frame_member,,,true,1785.0,1800.0,0.0,400.0,15.0,400.0,1792.5,0.0,620.0,AX-039,AX-040,AX-053,AX-055,0.0
PNL-059,F-S,1,3,transom,frame_member,,,false,1365.0,1785.0,340.0,400.0,420.0,60.0,1575.0,0.0,790.0,AX-038,AX-039,AX-054,AX-055,0.0
PNL-060,F-N,0,0,blank,opaque_panel,,,true,0.0,450.0,0.0,420.0,450.0,420.0,225.0,900.0,210.0,AX-056,AX-057,AX-065,AX-066,0.0
PNL-061,F-N,0,1,blank,opaque_panel,,,false,450.0,620.0,0.0,220.0,170.0,220.0,535.0,900.0,110.0,AX-057,AX-058,AX-067,AX-068,0.0
PNL-062,F-N,0,1,punched_window,entrance_door,OP-G-06,,false,620.0,730.0,0.0,220.0,110.0,220.0,675.0,900.0,110.0,AX-058,AX-059,AX-067,AX-068,0.0
PNL-063,F-N,0,1,blank,opaque_panel,,,false,730.0,900.0,0.0,220.0,170.0,220.0,815.0,900.0,110.0,AX-059,AX-060,AX-067,AX-068,0.0
PNL-064,F-N,0,1,blank,opaque_panel,,,false,450.0,620.0,220.0,420.0,170.0,200.0,535.0,900.0,320.0,AX-057,AX-058,AX-068,AX-069,0.0
PNL-065,F-N,0,1,blank,opaque_panel,,,false,620.0,730.0,220.0,420.0,110.0,200.0,675.0,900.0,320.0,AX-058,AX-059,AX-068,AX-069,0.0
PNL-066,F-N,0,1,blank,opaque_panel,,,false,730.0,900.0,220.0,420.0,170.0,200.0,815.0,900.0,320.0,AX-059,AX-060,AX-068,AX-069,0.0
PNL-067,F-N,0,2,blank,opaque_panel,,,true,900.0,1350.0,0.0,420.0,450.0,420.0,1125.0,900.0,210.0,AX-060,AX-061,AX-070,AX-071,0.0
PNL-068,F-N,0,3,spandrel,opaque_panel,,,false,1350.0,1500.0,0.0,90.0,150.0,90.0,1425.0,900.0,45.0,AX-061,AX-062,AX-072,AX-073,0.0
PNL-069,F-N,0,3,spandrel,opaque_panel,,,false,1500.0,1650.0,0.0,90.0,150.0,90.0,1575.0,900.0,45.0,AX-062,AX-063,AX-072,AX-073,0.0
PNL-070,F-N,0,3,spandrel,opaque_panel,,,false,1650.0,1800.0,0.0,90.0,150.0,90.0,1725.0,900.0,45.0,AX-063,AX-064,AX-072,AX-073,0.0
PNL-071,F-N,0,3,blank,opaque_panel,,,false,1350.0,1500.0,90.0,270.0,150.0,180.0,1425.0,900.0,180.0,AX-061,AX-062,AX-073,AX-074,0.0
PNL-072,F-N,0,3,punched_window,glazed_panel,OP-G-07,,false,1500.0,1650.0,90.0,270.0,150.0,180.0,1575.0,900.0,180.0,AX-062,AX-063,AX-073,AX-074,0.0
PNL-073,F-N,0,3,blank,opaque_panel,,,false,1650.0,1800.0,90.0,270.0,150.0,180.0,1725.0,900.0,180.0,AX-063,AX-064,AX-073,AX-074,0.0
PNL-074,F-N,0,3,blank,opaque_panel,,,false,1350.0,1500.0,270.0,420.0,150.0,150.0,1425.0,900.0,345.0,AX-061,AX-062,AX-074,AX-075,0.0
PNL-075,F-N,0,3,blank,opaque_panel,,,false,1500.0,1650.0,270.0,420.0,150.0,150.0,1575.0,900.0,345.0,AX-062,AX-063,AX-074,AX-075,0.0
PNL-076,F-N,0,3,blank,opaque_panel,,,false,1650.0,1800.0,270.0,420.0,150.0,150.0,1725.0,900.0,345.0,AX-063,AX-064,AX-074,AX-075,0.0
PNL-077,F-N,1,0,blank,opaque_panel,,,true,0.0,450.0,0.0,400.0,450.0,400.0,225.0,900.0,620.0,AX-076,AX-077,AX-085,AX-086,0.0
PNL-078,F-N,1,1,spandrel,opaque_panel,,,false,450.0,600.0,0.0,90.0,150.0,90.0,525.0,900.0,465.0,AX-077,AX-078,AX-087,AX-088,0.0
PNL-079,F-N,1,1,spandrel,opaque_panel,,,false,600.0,750.0,0.0,90.0,150.0,90.0,675.0,900.0,465.0,AX-078,AX-079,AX-087,AX-088,0.0
PNL-080,F-N,1,1,spandrel,opaque_panel,,,false,750.0,900.0,0.0,90.0,150.0,90.0,825.0,900.0,465.0,AX-079,AX-080,AX-087,AX-088,0.0
PNL-081,F-N,1,1,blank,opaque_panel,,,false,450.0,600.0,90.0,270.0,150.0,180.0,525.0,900.0,600.0,AX-077,AX-078,AX-088,AX-089,0.0
PNL-082,F-N,1,1,punched_window,glazed_panel,OP-1-05,,false,600.0,750.0,90.0,270.0,150.0,180.0,675.0,900.0,600.0,AX-078,AX-079,AX-088,AX-089,0.0
PNL-083,F-N,1,1,blank,opaque_panel,,,false,750.0,900.0,90.0,270.0,150.0,180.0,825.0,900.0,600.0,AX-079,AX-080,AX-088,AX-089,0.0
PNL-084,F-N,1,1,blank,opaque_panel,,,false,450.0,600.0,270.0,400.0,150.0,130.0,525.0,900.0,755.0,AX-077,AX-078,AX-089,AX-090,0.0
PNL-085,F-N,1,1,blank,opaque_panel,,,false,600.0,750.0,270.0,400.0,150.0,130.0,675.0,900.0,755.0,AX-078,AX-079,AX-089,AX-090,0.0
PNL-086,F-N,1,1,blank,opaque_panel,,,false,750.0,900.0,270.0,400.0,150.0,130.0,825.0,900.0,755.0,AX-079,AX-080,AX-089,AX-090,0.0
PNL-087,F-N,1,2,blank,opaque_panel,,,true,900.0,1350.0,0.0,400.0,450.0,400.0,1125.0,900.0,620.0,AX-080,AX-081,AX-091,AX-092,0.0
PNL-088,F-N,1,3,spandrel,opaque_panel,,,false,1350.0,1500.0,0.0,90.0,150.0,90.0,1425.0,900.0,465.0,AX-081,AX-082,AX-093,AX-094,0.0
PNL-089,F-N,1,3,spandrel,opaque_panel,,,false,1500.0,1650.0,0.0,90.0,150.0,90.0,1575.0,900.0,465.0,AX-082,AX-083,AX-093,AX-094,0.0
PNL-090,F-N,1,3,spandrel,opaque_panel,,,false,1650.0,1800.0,0.0,90.0,150.0,90.0,1725.0,900.0,465.0,AX-083,AX-084,AX-093,AX-094,0.0
PNL-091,F-N,1,3,blank,opaque_panel,,,false,1350.0,1500.0,90.0,270.0,150.0,180.0,1425.0,900.0,600.0,AX-081,AX-082,AX-094,AX-095,0.0
PNL-092,F-N,1,3,punched_window,glazed_panel,OP-1-06,,false,1500.0,1650.0,90.0,270.0,150.0,180.0,1575.0,900.0,600.0,AX-082,AX-083,AX-094,AX-095,0.0
PNL-093,F-N,1,3,blank,opaque_panel,,,false,1650.0,1800.0,90.0,270.0,150.0,180.0,1725.0,900.0,600.0,AX-083,AX-084,AX-094,AX-095,0.0
PNL-094,F-N,1,3,blank,opaque_panel,,,false,1350.0,1500.0,270.0,400.0,150.0,130.0,1425.0,900.0,755.0,AX-081,AX-082,AX-095,AX-096,0.0
PNL-095,F-N,1,3,blank,opaque_panel,,,false,1500.0,1650.0,270.0,400.0,150.0,130.0,1575.0,900.0,755.0,AX-082,AX-083,AX-095,AX-096,0.0
PNL-096,F-N,1,3,blank,opaque_panel,,,false,1650.0,1800.0,270.0,400.0,150.0,130.0,1725.0,900.0,755.0,AX-083,AX-084,AX-095,AX-096,0.0
PNL-097,F-E,0,0,blank,opaque_panel,,,true,0.0,450.0,0.0,420.0,450.0,420.0,1800.0,225.0,210.0,AX-097,AX-098,AX-102,AX-103,90.0
PNL-098,F-E,0,1,spandrel,opaque_panel,,,false,450.0,600.0,0.0,90.0,150.0,90.0,1800.0,525.0,45.0,AX-098,AX-099,AX-104,AX-105,90.0
PNL-099,F-E,0,1,spandrel,opaque_panel,,,false,600.0,750.0,0.0,90.0,150.0,90.0,1800.0,675.0,45.0,AX-099,AX-100,AX-104,AX-105,90.0
PNL-100,F-E,0,1,spandrel,opaque_panel,,,false,750.0,900.0,0.0,90.0,150.0,90.0,1800.0,825.0,45.0,AX-100,AX-101,AX-104,AX-105,90.0
PNL-101,F-E,0,1,blank,opaque_panel,,,false,450.0,600.0,90.0,270.0,150.0,180.0,1800.0,525.0,180.0,AX-098,AX-099,AX-105,AX-106,90.0
PNL-102,F-E,0,1,punched_window,glazed_panel,OP-G-05,,false,600.0,750.0,90.0,270.0,150.0,180.0,1800.0,675.0,180.0,AX-099,AX-100,AX-105,AX-106,90.0
PNL-103,F-E,0,1,blank,opaque_panel,,,false,750.0,900.0,90.0,270.0,150.0,180.0,1800.0,825.0,180.0,AX-100,AX-101,AX-105,AX-106,90.0
PNL-104,F-E,0,1,blank,opaque_panel,,,false,450.0,600.0,270.0,420.0,150.0,150.0,1800.0,525.0,345.0,AX-098,AX-099,AX-106,AX-107,90.0
PNL-105,F-E,0,1,blank,opaque_panel,,,false,600.0,750.0,270.0,420.0,150.0,150.0,1800.0,675.0,345.0,AX-099,AX-100,AX-106,AX-107,90.0
PNL-106,F-E,0,1,blank,opaque_panel,,,false,750.0,900.0,270.0,420.0,150.0,150.0,1800.0,825.0,345.0,AX-100,AX-101,AX-106,AX-107,90.0
PNL-107,F-E,1,0,blank,opaque_panel,,,true,0.0,450.0,0.0,400.0,450.0,400.0,1800.0,225.0,620.0,AX-108,AX-109,AX-113,AX-114,90.0
PNL-108,F-E,1,1,spandrel,opaque_panel,,,false,450.0,600.0,0.0,90.0,150.0,90.0,1800.0,525.0,465.0,AX-109,AX-110,AX-115,AX-116,90.0
PNL-109,F-E,1,1,spandrel,opaque_panel,,,false,600.0,750.0,0.0,90.0,150.0,90.0,1800.0,675.0,465.0,AX-110,AX-111,AX-115,AX-116,90.0
PNL-110,F-E,1,1,spandrel,opaque_panel,,,false,750.0,900.0,0.0,90.0,150.0,90.0,1800.0,825.0,465.0,AX-111,AX-112,AX-115,AX-116,90.0
PNL-111,F-E,1,1,blank,opaque_panel,,,false,450.0,600.0,90.0,270.0,150.0,180.0,1800.0,525.0,600.0,AX-109,AX-110,AX-116,AX-117,90.0
PNL-112,F-E,1,1,punched_window,glazed_panel,OP-1-07,,false,600.0,750.0,90.0,270.0,150.0,180.0,1800.0,675.0,600.0,AX-110,AX-111,AX-116,AX-117,90.0
PNL-113,F-E,1,1,blank,opaque_panel,,,false,750.0,900.0,90.0,270.0,150.0,180.0,1800.0,825.0,600.0,AX-111,AX-112,AX-116,AX-117,90.0
PNL-114,F-E,1,1,blank,opaque_panel,,,false,450.0,600.0,270.0,400.0,150.0,130.0,1800.0,525.0,755.0,AX-109,AX-110,AX-117,AX-118,90.0
PNL-115,F-E,1,1,blank,opaque_panel,,,false,600.0,750.0,270.0,400.0,150.0,130.0,1800.0,675.0,755.0,AX-110,AX-111,AX-117,AX-118,90.0
PNL-116,F-E,1,1,blank,opaque_panel,,,false,750.0,900.0,270.0,400.0,150.0,130.0,1800.0,825.0,755.0,AX-111,AX-112,AX-117,AX-118,90.0
PNL-117,F-W,0,0,blank,opaque_panel,,,true,0.0,450.0,0.0,420.0,450.0,420.0,0.0,225.0,210.0,AX-119,AX-120,AX-124,AX-125,90.0
PNL-118,F-W,0,1,spandrel,opaque_panel,,,false,450.0,600.0,0.0,90.0,150.0,90.0,0.0,525.0,45.0,AX-120,AX-121,AX-126,AX-127,90.0
PNL-119,F-W,0,1,spandrel,opaque_panel,,,false,600.0,750.0,0.0,90.0,150.0,90.0,0.0,675.0,45.0,AX-121,AX-122,AX-126,AX-127,90.0
PNL-120,F-W,0,1,spandrel,opaque_panel,,,false,750.0,900.0,0.0,90.0,150.0,90.0,0.0,825.0,45.0,AX-122,AX-123,AX-126,AX-127,90.0
PNL-121,F-W,0,1,blank,opaque_panel,,,false,450.0,600.0,90.0,270.0,150.0,180.0,0.0,525.0,180.0,AX-120,AX-121,AX-127,AX-128,90.0
PNL-122,F-W,0,1,punched_window,glazed_panel,OP-G-08,,false,600.0,750.0,90.0,270.0,150.0,180.0,0.0,675.0,180.0,AX-121,AX-122,AX-127,AX-128,90.0
PNL-123,F-W,0,1,blank,opaque_panel,,,false,750.0,900.0,90.0,270.0,150.0,180.0,0.0,825.0,180.0,AX-122,AX-123,AX-127,AX-128,90.0
PNL-124,F-W,0,1,blank,opaque_panel,,,false,450.0,600.0,270.0,420.0,150.0,150.0,0.0,525.0,345.0,AX-120,AX-121,AX-128,AX-129,90.0
PNL-125,F-W,0,1,blank,opaque_panel,,,false,600.0,750.0,270.0,420.0,150.0,150.0,0.0,675.0,345.0,AX-121,AX-122,AX-128,AX-129,90.0
PNL-126,F-W,0,1,blank,opaque_panel,,,false,750.0,900.0,270.0,420.0,150.0,150.0,0.0,825.0,345.0,AX-122,AX-123,AX-128,AX-129,90.0
PNL-127,F-W,1,0,blank,opaque_panel,,,true,0.0,450.0,0.0,400.0,450.0,400.0,0.0,225.0,620.0,AX-130,AX-131,AX-135,AX-136,90.0
PNL-128,F-W,1,1,spandrel,opaque_panel,,,false,450.0,600.0,0.0,90.0,150.0,90.0,0.0,525.0,465.0,AX-131,AX-132,AX-137,AX-138,90.0
PNL-129,F-W,1,1,spandrel,opaque_panel,,,false,600.0,750.0,0.0,90.0,150.0,90.0,0.0,675.0,465.0,AX-132,AX-133,AX-137,AX-138,90.0
PNL-130,F-W,1,1,spandrel,opaque_panel,,,false,750.0,900.0,0.0,90.0,150.0,90.0,0.0,825.0,465.0,AX-133,AX-134,AX-137,AX-138,90.0
PNL-131,F-W,1,1,blank,opaque_panel,,,false,450.0,600.0,90.0,270.0,150.0,180.0,0.0,525.0,600.0,AX-131,AX-132,AX-138,AX-139,90.0
PNL-132,F-W,1,1,punched_window,glazed_panel,OP-1-08,,false,600.0,750.0,90.0,270.0,150.0,180.0,0.0,675.0,600.0,AX-132,AX-133,AX-138,AX-139,90.0
PNL-133,F-W,1,1,blank,opaque_panel,,,false,750.0,900.0,90.0,270.0,150.0,180.0,0.0,825.0,600.0,AX-133,AX-134,AX-138,AX-139,90.0
PNL-134,F-W,1,1,blank,opaque_panel,,,false,450.0,600.0,270.0,400.0,150.0,130.0,0.0,525.0,755.0,AX-131,AX-132,AX-139,AX-140,90.0
PNL-135,F-W,1,1,blank,opaque_panel,,,false,600.0,750.0,270.0,400.0,150.0,130.0,0.0,675.0,755.0,AX-132,AX-133,AX-139,AX-140,90.0
PNL-136,F-W,1,1,blank,opaque_panel,,,false,750.0,900.0,270.0,400.0,150.0,130.0,0.0,825.0,755.0,AX-133,AX-134,AX-139,AX-140,90.0
