instance_id,component_ref,family_ref,panel_ref,facade,level_index,panel_kind,component_kind,x_cm,y_cm,z_cm,rot_z_deg,width_cm,height_cm,thickness_cm,joint_cm,layer
PNL-001,CMP-008,FAM-006,PNL-001,F-S,0,blank,opaque_panel,67.5,0.0,45.0,0.0,135.0,90.0,3.0,2.0,05_FACADE
PNL-002,CMP-018,FAM-003,PNL-002,F-S,0,spandrel,opaque_panel,225.0,0.0,45.0,0.0,180.0,90.0,3.0,2.0,05_FACADE
PNL-003,CMP-008,FAM-006,PNL-003,F-S,0,blank,opaque_panel,382.5,0.0,45.0,0.0,135.0,90.0,3.0,2.0,05_FACADE
PNL-004,CMP-011,FAM-006,PNL-004,F-S,0,blank,opaque_panel,67.5,0.0,180.0,0.0,135.0,180.0,3.0,2.0,05_FACADE
PNL-005,CMP-002,FAM-002,PNL-005,F-S,0,punched_window,glazed_panel,225.0,0.0,180.0,0.0,180.0,180.0,3.0,2.0,05_FACADE
PNL-006,CMP-011,FAM-006,PNL-006,F-S,0,blank,opaque_panel,382.5,0.0,180.0,0.0,135.0,180.0,3.0,2.0,05_FACADE
PNL-007,CMP-010,FAM-006,PNL-007,F-S,0,blank,opaque_panel,67.5,0.0,345.0,0.0,135.0,150.0,3.0,2.0,05_FACADE
PNL-008,CMP-020,FAM-006,PNL-008,F-S,0,blank,opaque_panel,225.0,0.0,345.0,0.0,180.0,150.0,3.0,2.0,05_FACADE
PNL-009,CMP-010,FAM-006,PNL-009,F-S,0,blank,opaque_panel,382.5,0.0,345.0,0.0,135.0,150.0,3.0,2.0,05_FACADE
PNL-010,CMP-007,FAM-006,PNL-010,F-S,0,blank,opaque_panel,512.5,0.0,130.0,0.0,125.0,260.0,3.0,2.0,05_FACADE
PNL-011,CMP-029,FAM-002,PNL-011,F-S,0,punched_window,entrance_door,675.0,0.0,130.0,0.0,200.0,260.0,3.0,2.0,05_FACADE
PNL-012,CMP-007,FAM-006,PNL-012,F-S,0,blank,opaque_panel,837.5,0.0,130.0,0.0,125.0,260.0,3.0,2.0,05_FACADE
PNL-013,CMP-006,FAM-006,PNL-013,F-S,0,blank,opaque_panel,512.5,0.0,340.0,0.0,125.0,160.0,3.0,2.0,05_FACADE
PNL-014,CMP-021,FAM-006,PNL-014,F-S,0,blank,opaque_panel,675.0,0.0,340.0,0.0,200.0,160.0,3.0,2.0,05_FACADE
PNL-015,CMP-006,FAM-006,PNL-015,F-S,0,blank,opaque_panel,837.5,0.0,340.0,0.0,125.0,160.0,3.0,2.0,05_FACADE
PNL-016,CMP-008,FAM-006,PNL-016,F-S,0,blank,opaque_panel,967.5,0.0,45.0,0.0,135.0,90.0,3.0,2.0,05_FACADE
PNL-017,CMP-018,FAM-003,PNL-017,F-S,0,spandrel,opaque_panel,1125.0,0.0,45.0,0.0,180.0,90.0,3.0,2.0,05_FACADE
PNL-018,CMP-008,FAM-006,PNL-018,F-S,0,blank,opaque_panel,1282.5,0.0,45.0,0.0,135.0,90.0,3.0,2.0,05_FACADE
PNL-019,CMP-011,FAM-006,PNL-019,F-S,0,blank,opaque_panel,967.5,0.0,180.0,0.0,135.0,180.0,3.0,2.0,05_FACADE
PNL-020,CMP-002,FAM-002,PNL-020,F-S,0,punched_window,glazed_panel,1125.0,0.0,180.0,0.0,180.0,180.0,3.0,2.0,05_FACADE
PNL-021,CMP-011,FAM-006,PNL-021,F-S,0,blank,opaque_panel,1282.5,0.0,180.0,0.0,135.0,180.0,3.0,2.0,05_FACADE
PNL-022,CMP-010,FAM-006,PNL-022,F-S,0,blank,opaque_panel,967.5,0.0,345.0,0.0,135.0,150.0,3.0,2.0,05_FACADE
PNL-023,CMP-020,FAM-006,PNL-023,F-S,0,blank,opaque_panel,1125.0,0.0,345.0,0.0,180.0,150.0,3.0,2.0,05_FACADE
PNL-024,CMP-010,FAM-006,PNL-024,F-S,0,blank,opaque_panel,1282.5,0.0,345.0,0.0,135.0,150.0,3.0,2.0,05_FACADE
PNL-025,CMP-025,FAM-005,PNL-025,F-S,0,mullion,frame_member,1357.5,0.0,210.0,0.0,15.0,420.0,3.0,2.0,05_FACADE
PNL-026,CMP-004,FAM-001,PNL-026,F-S,0,vision,glazed_panel,1575.0,0.0,200.0,0.0,420.0,400.0,3.0,2.0,05_FACADE
PNL-027,CMP-025,FAM-005,PNL-027,F-S,0,mullion,frame_member,1792.5,0.0,210.0,0.0,15.0,420.0,3.0,2.0,05_FACADE
PNL-028,CMP-026,FAM-004,PNL-028,F-S,0,transom,frame_member,1575.0,0.0,410.0,0.0,420.0,20.0,3.0,2.0,05_FACADE
PNL-029,CMP-008,FAM-006,PNL-029,F-S,1,blank,opaque_panel,67.5,0.0,465.0,0.0,135.0,90.0,3.0,2.0,05_FACADE
PNL-030,CMP-018,FAM-003,PNL-030,F-S,1,spandrel,opaque_panel,225.0,0.0,465.0,0.0,180.0,90.0,3.0,2.0,05_FACADE
PNL-031,CMP-008,FAM-006,PNL-031,F-S,1,blank,opaque_panel,382.5,0.0,465.0,0.0,135.0,90.0,3.0,2.0,05_FACADE
PNL-032,CMP-011,FAM-006,PNL-032,F-S,1,blank,opaque_panel,67.5,0.0,600.0,0.0,135.0,180.0,3.0,2.0,05_FACADE
PNL-033,CMP-002,FAM-002,PNL-033,F-S,1,punched_window,glazed_panel,225.0,0.0,600.0,0.0,180.0,180.0,3.0,2.0,05_FACADE
PNL-034,CMP-011,FAM-006,PNL-034,F-S,1,blank,opaque_panel,382.5,0.0,600.0,0.0,135.0,180.0,3.0,2.0,05_FACADE
PNL-035,CMP-009,FAM-006,PNL-035,F-S,1,blank,opaque_panel,67.5,0.0,755.0,0.0,135.0,130.0,3.0,2.0,05_FACADE
PNL-036,CMP-019,FAM-006,PNL-036,F-S,1,blank,opaque_panel,225.0,0.0,755.0,0.0,180.0,130.0,3.0,2.0,05_FACADE
PNL-037,CMP-009,FAM-006,PNL-037,F-S,1,blank,opaque_panel,382.5,0.0,755.0,0.0,135.0,130.0,3.0,2.0,05_FACADE
PNL-038,CMP-008,FAM-006,PNL-038,F-S,1,blank,opaque_panel,517.5,0.0,465.0,0.0,135.0,90.0,3.0,2.0,05_FACADE
PNL-039,CMP-018,FAM-003,PNL-039,F-S,1,spandrel,opaque_panel,675.0,0.0,465.0,0.0,180.0,90.0,3.0,2.0,05_FACADE
PNL-040,CMP-008,FAM-006,PNL-040,F-S,1,blank,opaque_panel,832.5,0.0,465.0,0.0,135.0,90.0,3.0,2.0,05_FACADE
PNL-041,CMP-011,FAM-006,PNL-041,F-S,1,blank,opaque_panel,517.5,0.0,600.0,0.0,135.0,180.0,3.0,2.0,05_FACADE
PNL-042,CMP-002,FAM-002,PNL-042,F-S,1,punched_window,glazed_panel,675.0,0.0,600.0,0.0,180.0,180.0,3.0,2.0,05_FACADE
PNL-043,CMP-011,FAM-006,PNL-043,F-S,1,blank,opaque_panel,832.5,0.0,600.0,0.0,135.0,180.0,3.0,2.0,05_FACADE
PNL-044,CMP-009,FAM-006,PNL-044,F-S,1,blank,opaque_panel,517.5,0.0,755.0,0.0,135.0,130.0,3.0,2.0,05_FACADE
PNL-045,CMP-019,FAM-006,PNL-045,F-S,1,blank,opaque_panel,675.0,0.0,755.0,0.0,180.0,130.0,3.0,2.0,05_FACADE
PNL-046,CMP-009,FAM-006,PNL-046,F-S,1,blank,opaque_panel,832.5,0.0,755.0,0.0,135.0,130.0,3.0,2.0,05_FACADE
PNL-047,CMP-008,FAM-006,PNL-047,F-S,1,blank,opaque_panel,967.5,0.0,465.0,0.0,135.0,90.0,3.0,2.0,05_FACADE
PNL-048,CMP-018,FAM-003,PNL-048,F-S,1,spandrel,opaque_panel,1125.0,0.0,465.0,0.0,180.0,90.0,3.0,2.0,05_FACADE
PNL-049,CMP-008,FAM-006,PNL-049,F-S,1,blank,opaque_panel,1282.5,0.0,465.0,0.0,135.0,90.0,3.0,2.0,05_FACADE
PNL-050,CMP-011,FAM-006,PNL-050,F-S,1,blank,opaque_panel,967.5,0.0,600.0,0.0,135.0,180.0,3.0,2.0,05_FACADE
PNL-051,CMP-002,FAM-002,PNL-051,F-S,1,punched_window,glazed_panel,1125.0,0.0,600.0,0.0,180.0,180.0,3.0,2.0,05_FACADE
PNL-052,CMP-011,FAM-006,PNL-052,F-S,1,blank,opaque_panel,1282.5,0.0,600.0,0.0,135.0,180.0,3.0,2.0,05_FACADE
PNL-053,CMP-009,FAM-006,PNL-053,F-S,1,blank,opaque_panel,967.5,0.0,755.0,0.0,135.0,130.0,3.0,2.0,05_FACADE
PNL-054,CMP-019,FAM-006,PNL-054,F-S,1,blank,opaque_panel,1125.0,0.0,755.0,0.0,180.0,130.0,3.0,2.0,05_FACADE
PNL-055,CMP-009,FAM-006,PNL-055,F-S,1,blank,opaque_panel,1282.5,0.0,755.0,0.0,135.0,130.0,3.0,2.0,05_FACADE
PNL-056,CMP-024,FAM-005,PNL-056,F-S,1,mullion,frame_member,1357.5,0.0,620.0,0.0,15.0,400.0,3.0,2.0,05_FACADE
PNL-057,CMP-003,FAM-001,PNL-057,F-S,1,vision,glazed_panel,1575.0,0.0,590.0,0.0,420.0,340.0,3.0,2.0,05_FACADE
PNL-058,CMP-024,FAM-005,PNL-058,F-S,1,mullion,frame_member,1792.5,0.0,620.0,0.0,15.0,400.0,3.0,2.0,05_FACADE
PNL-059,CMP-027,FAM-004,PNL-059,F-S,1,transom,frame_member,1575.0,0.0,790.0,0.0,420.0,60.0,3.0,2.0,05_FACADE
PNL-060,CMP-023,FAM-006,PNL-060,F-N,0,blank,opaque_panel,225.0,900.0,210.0,0.0,450.0,420.0,3.0,2.0,05_FACADE
PNL-061,CMP-017,FAM-006,PNL-061,F-N,0,blank,opaque_panel,535.0,900.0,110.0,0.0,170.0,220.0,3.0,2.0,05_FACADE
PNL-062,CMP-028,FAM-002,PNL-062,F-N,0,punched_window,entrance_door,675.0,900.0,110.0,0.0,110.0,220.0,3.0,2.0,05_FACADE
PNL-063,CMP-017,FAM-006,PNL-063,F-N,0,blank,opaque_panel,815.0,900.0,110.0,0.0,170.0,220.0,3.0,2.0,05_FACADE
PNL-064,CMP-016,FAM-006,PNL-064,F-N,0,blank,opaque_panel,535.0,900.0,320.0,0.0,170.0,200.0,3.0,2.0,05_FACADE
PNL-065,CMP-005,FAM-006,PNL-065,F-N,0,blank,opaque_panel,675.0,900.0,320.0,0.0,110.0,200.0,3.0,2.0,05_FACADE
PNL-066,CMP-016,FAM-006,PNL-066,F-N,0,blank,opaque_panel,815.0,900.0,320.0,0.0,170.0,200.0,3.0,2.0,05_FACADE
PNL-067,CMP-023,FAM-006,PNL-067,F-N,0,blank,opaque_panel,1125.0,900.0,210.0,0.0,450.0,420.0,3.0,2.0,05_FACADE
PNL-068,CMP-012,FAM-003,PNL-068,F-N,0,spandrel,opaque_panel,1425.0,900.0,45.0,0.0,150.0,90.0,3.0,2.0,05_FACADE
PNL-069,CMP-012,FAM-003,PNL-069,F-N,0,spandrel,opaque_panel,1575.0,900.0,45.0,0.0,150.0,90.0,3.0,2.0,05_FACADE
PNL-070,CMP-012,FAM-003,PNL-070,F-N,0,spandrel,opaque_panel,1725.0,900.0,45.0,0.0,150.0,90.0,3.0,2.0,05_FACADE
PNL-071,CMP-015,FAM-006,PNL-071,F-N,0,blank,opaque_panel,1425.0,900.0,180.0,0.0,150.0,180.0,3.0,2.0,05_FACADE
PNL-072,CMP-001,FAM-002,PNL-072,F-N,0,punched_window,glazed_panel,1575.0,900.0,180.0,0.0,150.0,180.0,3.0,2.0,05_FACADE
PNL-073,CMP-015,FAM-006,PNL-073,F-N,0,blank,opaque_panel,1725.0,900.0,180.0,0.0,150.0,180.0,3.0,2.0,05_FACADE
PNL-074,CMP-014,FAM-006,PNL-074,F-N,0,blank,opaque_panel,1425.0,900.0,345.0,0.0,150.0,150.0,3.0,2.0,05_FACADE
PNL-075,CMP-014,FAM-006,PNL-075,F-N,0,blank,opaque_panel,1575.0,900.0,345.0,0.0,150.0,150.0,3.0,2.0,05_FACADE
PNL-076,CMP-014,FAM-006,PNL-076,F-N,0,blank,opaque_panel,1725.0,900.0,345.0,0.0,150.0,150.0,3.0,2.0,05_FACADE
PNL-077,CMP-022,FAM-006,PNL-077,F-N,1,blank,opaque_panel,225.0,900.0,620.0,0.0,450.0,400.0,3.0,2.0,05_FACADE
PNL-078,CMP-012,FAM-003,PNL-078,F-N,1,spandrel,opaque_panel,525.0,900.0,465.0,0.0,150.0,90.0,3.0,2.0,05_FACADE
PNL-079,CMP-012,FAM-003,PNL-079,F-N,1,spandrel,opaque_panel,675.0,900.0,465.0,0.0,150.0,90.0,3.0,2.0,05_FACADE
PNL-080,CMP-012,FAM-003,PNL-080,F-N,1,spandrel,opaque_panel,825.0,900.0,465.0,0.0,150.0,90.0,3.0,2.0,05_FACADE
PNL-081,CMP-015,FAM-006,PNL-081,F-N,1,blank,opaque_panel,525.0,900.0,600.0,0.0,150.0,180.0,3.0,2.0,05_FACADE
PNL-082,CMP-001,FAM-002,PNL-082,F-N,1,punched_window,glazed_panel,675.0,900.0,600.0,0.0,150.0,180.0,3.0,2.0,05_FACADE
PNL-083,CMP-015,FAM-006,PNL-083,F-N,1,blank,opaque_panel,825.0,900.0,600.0,0.0,150.0,180.0,3.0,2.0,05_FACADE
PNL-084,CMP-013,FAM-006,PNL-084,F-N,1,blank,opaque_panel,525.0,900.0,755.0,0.0,150.0,130.0,3.0,2.0,05_FACADE
PNL-085,CMP-013,FAM-006,PNL-085,F-N,1,blank,opaque_panel,675.0,900.0,755.0,0.0,150.0,130.0,3.0,2.0,05_FACADE
PNL-086,CMP-013,FAM-006,PNL-086,F-N,1,blank,opaque_panel,825.0,900.0,755.0,0.0,150.0,130.0,3.0,2.0,05_FACADE
PNL-087,CMP-022,FAM-006,PNL-087,F-N,1,blank,opaque_panel,1125.0,900.0,620.0,0.0,450.0,400.0,3.0,2.0,05_FACADE
PNL-088,CMP-012,FAM-003,PNL-088,F-N,1,spandrel,opaque_panel,1425.0,900.0,465.0,0.0,150.0,90.0,3.0,2.0,05_FACADE
PNL-089,CMP-012,FAM-003,PNL-089,F-N,1,spandrel,opaque_panel,1575.0,900.0,465.0,0.0,150.0,90.0,3.0,2.0,05_FACADE
PNL-090,CMP-012,FAM-003,PNL-090,F-N,1,spandrel,opaque_panel,1725.0,900.0,465.0,0.0,150.0,90.0,3.0,2.0,05_FACADE
PNL-091,CMP-015,FAM-006,PNL-091,F-N,1,blank,opaque_panel,1425.0,900.0,600.0,0.0,150.0,180.0,3.0,2.0,05_FACADE
PNL-092,CMP-001,FAM-002,PNL-092,F-N,1,punched_window,glazed_panel,1575.0,900.0,600.0,0.0,150.0,180.0,3.0,2.0,05_FACADE
PNL-093,CMP-015,FAM-006,PNL-093,F-N,1,blank,opaque_panel,1725.0,900.0,600.0,0.0,150.0,180.0,3.0,2.0,05_FACADE
PNL-094,CMP-013,FAM-006,PNL-094,F-N,1,blank,opaque_panel,1425.0,900.0,755.0,0.0,150.0,130.0,3.0,2.0,05_FACADE
PNL-095,CMP-013,FAM-006,PNL-095,F-N,1,blank,opaque_panel,1575.0,900.0,755.0,0.0,150.0,130.0,3.0,2.0,05_FACADE
PNL-096,CMP-013,FAM-006,PNL-096,F-N,1,blank,opaque_panel,1725.0,900.0,755.0,0.0,150.0,130.0,3.0,2.0,05_FACADE
PNL-097,CMP-023,FAM-006,PNL-097,F-E,0,blank,opaque_panel,1800.0,225.0,210.0,90.0,450.0,420.0,3.0,2.0,05_FACADE
PNL-098,CMP-012,FAM-003,PNL-098,F-E,0,spandrel,opaque_panel,1800.0,525.0,45.0,90.0,150.0,90.0,3.0,2.0,05_FACADE
PNL-099,CMP-012,FAM-003,PNL-099,F-E,0,spandrel,opaque_panel,1800.0,675.0,45.0,90.0,150.0,90.0,3.0,2.0,05_FACADE
PNL-100,CMP-012,FAM-003,PNL-100,F-E,0,spandrel,opaque_panel,1800.0,825.0,45.0,90.0,150.0,90.0,3.0,2.0,05_FACADE
PNL-101,CMP-015,FAM-006,PNL-101,F-E,0,blank,opaque_panel,1800.0,525.0,180.0,90.0,150.0,180.0,3.0,2.0,05_FACADE
PNL-102,CMP-001,FAM-002,PNL-102,F-E,0,punched_window,glazed_panel,1800.0,675.0,180.0,90.0,150.0,180.0,3.0,2.0,05_FACADE
PNL-103,CMP-015,FAM-006,PNL-103,F-E,0,blank,opaque_panel,1800.0,825.0,180.0,90.0,150.0,180.0,3.0,2.0,05_FACADE
PNL-104,CMP-014,FAM-006,PNL-104,F-E,0,blank,opaque_panel,1800.0,525.0,345.0,90.0,150.0,150.0,3.0,2.0,05_FACADE
PNL-105,CMP-014,FAM-006,PNL-105,F-E,0,blank,opaque_panel,1800.0,675.0,345.0,90.0,150.0,150.0,3.0,2.0,05_FACADE
PNL-106,CMP-014,FAM-006,PNL-106,F-E,0,blank,opaque_panel,1800.0,825.0,345.0,90.0,150.0,150.0,3.0,2.0,05_FACADE
PNL-107,CMP-022,FAM-006,PNL-107,F-E,1,blank,opaque_panel,1800.0,225.0,620.0,90.0,450.0,400.0,3.0,2.0,05_FACADE
PNL-108,CMP-012,FAM-003,PNL-108,F-E,1,spandrel,opaque_panel,1800.0,525.0,465.0,90.0,150.0,90.0,3.0,2.0,05_FACADE
PNL-109,CMP-012,FAM-003,PNL-109,F-E,1,spandrel,opaque_panel,1800.0,675.0,465.0,90.0,150.0,90.0,3.0,2.0,05_FACADE
PNL-110,CMP-012,FAM-003,PNL-110,F-E,1,spandrel,opaque_panel,1800.0,825.0,465.0,90.0,150.0,90.0,3.0,2.0,05_FACADE
PNL-111,CMP-015,FAM-006,PNL-111,F-E,1,blank,opaque_panel,1800.0,525.0,600.0,90.0,150.0,180.0,3.0,2.0,05_FACADE
PNL-112,CMP-001,FAM-002,PNL-112,F-E,1,punched_window,glazed_panel,1800.0,675.0,600.0,90.0,150.0,180.0,3.0,2.0,05_FACADE
PNL-113,CMP-015,FAM-006,PNL-113,F-E,1,blank,opaque_panel,1800.0,825.0,600.0,90.0,150.0,180.0,3.0,2.0,05_FACADE
PNL-114,CMP-013,FAM-006,PNL-114,F-E,1,blank,opaque_panel,1800.0,525.0,755.0,90.0,150.0,130.0,3.0,2.0,05_FACADE
PNL-115,CMP-013,FAM-006,PNL-115,F-E,1,blank,opaque_panel,1800.0,675.0,755.0,90.0,150.0,130.0,3.0,2.0,05_FACADE
PNL-116,CMP-013,FAM-006,PNL-116,F-E,1,blank,opaque_panel,1800.0,825.0,755.0,90.0,150.0,130.0,3.0,2.0,05_FACADE
PNL-117,CMP-023,FAM-006,PNL-117,F-W,0,blank,opaque_panel,0.0,225.0,210.0,90.0,450.0,420.0,3.0,2.0,05_FACADE
PNL-118,CMP-012,FAM-003,PNL-118,F-W,0,spandrel,opaque_panel,0.0,525.0,45.0,90.0,150.0,90.0,3.0,2.0,05_FACADE
PNL-119,CMP-012,FAM-003,PNL-119,F-W,0,spandrel,opaque_panel,0.0,675.0,45.0,90.0,150.0,90.0,3.0,2.0,05_FACADE
PNL-120,CMP-012,FAM-003,PNL-120,F-W,0,spandrel,opaque_panel,0.0,825.0,45.0,90.0,150.0,90.0,3.0,2.0,05_FACADE
PNL-121,CMP-015,FAM-006,PNL-121,F-W,0,blank,opaque_panel,0.0,525.0,180.0,90.0,150.0,180.0,3.0,2.0,05_FACADE
PNL-122,CMP-001,FAM-002,PNL-122,F-W,0,punched_window,glazed_panel,0.0,675.0,180.0,90.0,150.0,180.0,3.0,2.0,05_FACADE
PNL-123,CMP-015,FAM-006,PNL-123,F-W,0,blank,opaque_panel,0.0,825.0,180.0,90.0,150.0,180.0,3.0,2.0,05_FACADE
PNL-124,CMP-014,FAM-006,PNL-124,F-W,0,blank,opaque_panel,0.0,525.0,345.0,90.0,150.0,150.0,3.0,2.0,05_FACADE
PNL-125,CMP-014,FAM-006,PNL-125,F-W,0,blank,opaque_panel,0.0,675.0,345.0,90.0,150.0,150.0,3.0,2.0,05_FACADE
PNL-126,CMP-014,FAM-006,PNL-126,F-W,0,blank,opaque_panel,0.0,825.0,345.0,90.0,150.0,150.0,3.0,2.0,05_FACADE
PNL-127,CMP-022,FAM-006,PNL-127,F-W,1,blank,opaque_panel,0.0,225.0,620.0,90.0,450.0,400.0,3.0,2.0,05_FACADE
PNL-128,CMP-012,FAM-003,PNL-128,F-W,1,spandrel,opaque_panel,0.0,525.0,465.0,90.0,150.0,90.0,3.0,2.0,05_FACADE
PNL-129,CMP-012,FAM-003,PNL-129,F-W,1,spandrel,opaque_panel,0.0,675.0,465.0,90.0,150.0,90.0,3.0,2.0,05_FACADE
PNL-130,CMP-012,FAM-003,PNL-130,F-W,1,spandrel,opaque_panel,0.0,825.0,465.0,90.0,150.0,90.0,3.0,2.0,05_FACADE
PNL-131,CMP-015,FAM-006,PNL-131,F-W,1,blank,opaque_panel,0.0,525.0,600.0,90.0,150.0,180.0,3.0,2.0,05_FACADE
PNL-132,CMP-001,FAM-002,PNL-132,F-W,1,punched_window,glazed_panel,0.0,675.0,600.0,90.0,150.0,180.0,3.0,2.0,05_FACADE
PNL-133,CMP-015,FAM-006,PNL-133,F-W,1,blank,opaque_panel,0.0,825.0,600.0,90.0,150.0,180.0,3.0,2.0,05_FACADE
PNL-134,CMP-013,FAM-006,PNL-134,F-W,1,blank,opaque_panel,0.0,525.0,755.0,90.0,150.0,130.0,3.0,2.0,05_FACADE
PNL-135,CMP-013,FAM-006,PNL-135,F-W,1,blank,opaque_panel,0.0,675.0,755.0,90.0,150.0,130.0,3.0,2.0,05_FACADE
PNL-136,CMP-013,FAM-006,PNL-136,F-W,1,blank,opaque_panel,0.0,825.0,755.0,90.0,150.0,130.0,3.0,2.0,05_FACADE
